{"train_loss": [0.28994566132925975, 0.25323719707402315, 0.2344369226934934, 0.2198900583115491, 0.2076262251596258, 0.19675795149923575, 0.18581275596763147, 0.17660938727133202, 0.16690141882258233, 0.15645735528733995, 0.14888824435195538, 0.14231229046679506, 0.13511302124219712, 0.1285067302861599, 0.12203385650810569, 0.11756442998996888, 0.11273711641328503, 0.10681411296580777, 0.10305603295564651, 0.09782425817666632, 0.09324358581292509, 0.0896503955953651, 0.08482361585278102, 0.08166612774848638, 0.07762266242820205, 0.07353746650571173, 0.06919764953505511, 0.06522293424591272, 0.061599286991839454, 0.05879944710418431, 0.05552801337243632, 0.05109971311282028, 0.049034711616960436, 0.04641870730603584, 0.04248262268839159, 0.03998630189459131, 0.0382558660487635, 0.0349313771780204, 0.03204447333606882, 0.030779859284879734, 0.027501872113219115, 0.026484241874211212, 0.02487810313739259, 0.02285056639547375, 0.019947152593728118, 0.019334889776214507, 0.01729988324564101, 0.016484945142557, 0.015022022846963896, 0.013545002158839406], "train_accu": [0.3128030303030304, 0.41035353535353536, 0.46691919191919173, 0.4965909090909088, 0.5324494949494954, 0.5731060606060605, 0.597676767676767, 0.6227525252525252, 0.6462373737373736, 0.66989898989899, 0.6921464646464648, 0.7025505050505051, 0.7205808080808075, 0.7323484848484842, 0.7537121212121214, 0.7667424242424242, 0.7760101010101024, 0.785681818181818, 0.7973989898989913, 0.8107828282828294, 0.8232575757575766, 0.8318939393939394, 0.8388383838383836, 0.844217171717172, 0.8523737373737369, 0.8619696969696973, 0.8739393939393929, 0.8812626262626246, 0.8911363636363624, 0.8947222222222205, 0.9020202020201997, 0.9133080808080775, 0.915454545454544, 0.9214141414141385, 0.9318181818181779, 0.9343181818181785, 0.9370707070707033, 0.9453282828282786, 0.9499747474747436, 0.952297979797976, 0.959393939393936, 0.959898989898986, 0.9646464646464612, 0.967853535353532, 0.9739393939393912, 0.9740151515151483, 0.9765656565656539, 0.9782828282828256, 0.9813131313131288, 0.9828030303030276], "valid_loss": [0.2520539376043504, 0.22236666996632853, 0.20460892468690872, 0.19180447968744463, 0.1797922441074925, 0.16755987114963994, 0.16049406172767763, 0.15047793390770112, 0.1459566128830756, 0.1361963716485808, 0.12906711524532688, 0.12330235721122834, 0.12025219923065554, 0.11430168488333302, 0.11413990363719002, 0.10725378389320066, 0.11270403579598473, 0.10694677334639334, 0.09731854264053606, 0.09695894547527836, 0.09583242982625961, 0.0960688645681066, 0.09849153224739336, 0.0969854423235501, 0.08560046757901868, 0.08759961030896633, 0.0844744159689834, 0.08543343914131965, 0.07964524500552685, 0.0772165943898501, 0.08106163820071567, 0.07424570430791186, 0.0768185344134127, 0.08420443417684685, 0.0749551719655433, 0.08124838090471682, 0.07449907145553059, 0.07974798529739341, 0.08033947658634955, 0.07463229455113891, 0.06936289346025835, 0.06805448638155095, 0.07139647215785037, 0.06843200129186434, 0.0801461088441072, 0.07594264312196643, 0.08837104273299055, 0.07070172465436401, 0.08044155984516105, 0.07013859870588227], "valid_accu": [0.40664136622390895, 0.48178368121442144, 0.5530360531309296, 0.5820683111954458, 0.6344876660341556, 0.6742884250474381, 0.6723908918406071, 0.6944497153700191, 0.7042694497153699, 0.7146110056925993, 0.742979127134725, 0.7550759013282731, 0.7533206831119544, 0.7736242884250473, 0.7647533206831121, 0.7816888045540795, 0.7761859582542694, 0.7850569259962049, 0.8052182163187855, 0.8132827324478178, 0.8123339658444023, 0.8066888045540799, 0.8018500948766604, 0.8050759013282733, 0.8360056925996204, 0.8326375711574954, 0.825237191650854, 0.8351992409867172, 0.8481024667931687, 0.8453984819734344, 0.8462049335863376, 0.8513282732447816, 0.8497153700189753, 0.8420303605313089, 0.864516129032258, 0.84392789373814, 0.8577798861480076, 0.8519924098671726, 0.8432637571157499, 0.8612903225806451, 0.8774193548387098, 0.8700189753320683, 0.8708254269449713, 0.8782258064516129, 0.856973434535104, 0.8637096774193549, 0.8482447817836811, 0.8693548387096773, 0.8651802656546492, 0.8805028462998103]}