{"pop": 0.7346372320999897, "metal": 0.5549078929300056, "disco": 0.5583779784512255, "blues": 0.8488966685547711, "reggae": 0.6543392174933732, "classical": 0.9661476793019892, "rock": 0.3698368286709837, "hiphop": 0.8562020426835569, "country": 0.7896700541941071, "jazz": 0.8674571435813286}