{"reggae": 0.6346058600757705, "disco": 0.573668634564919, "metal": 0.5553914256999678, "blues": 0.8399308096580941, "hiphop": 0.8460413885650256, "rock": 0.4306100526624389, "pop": 0.7495471363702709, "classical": 0.9688444333173468, "jazz": 0.8689298082440524, "country": 0.7891428824209245}