{"train_loss": [0.31335353208008315, 0.29768052316447186, 0.2829222640408293, 0.26682537117981175, 0.25299681664038337, 0.2406626971282623, 0.2298222881975678, 0.22129600353965675, 0.21228854410711365, 0.20141327269539433, 0.19185006940154778, 0.1840415161743038, 0.1757396714605949, 0.1665313613441022, 0.1602114838781861, 0.15252030102560699, 0.14504878964718218, 0.1371632950454294, 0.13064279295668202, 0.12369887140222582, 0.11588087595900776, 0.11060650597453643, 0.10473218937671132, 0.09910144527249924, 0.0944339907051183, 0.08775828826335558, 0.08177105526107524, 0.0778045621474934, 0.0728711565866213, 0.06896897162503608, 0.0645916643778133, 0.05918967892058883, 0.05341471708687392, 0.050910414586311396, 0.0478549561245851, 0.0440304079811019, 0.04092988639758153, 0.03730860470264887, 0.03557409549394565, 0.03265634355328091, 0.030681867300151204, 0.028057219151875194, 0.02576851773194739, 0.025260081316758817, 0.021394307558970437, 0.01984262590641197, 0.020793659776646135, 0.017015623039512644, 0.016420306356845316, 0.015781663799769193, 0.014726859642016303, 0.015030356898948978, 0.012693797703063123, 0.01368975801914438, 0.011837915943049322, 0.010387161385066939, 0.009808666134839836, 0.008983334317179766, 0.009293982522184694, 0.008686465282497788], "train_accu": [0.22250084717045074, 0.2979159606912912, 0.34520501524906827, 0.37116231785835296, 0.3889020670958998, 0.4239410369366315, 0.460962385631989, 0.497305997966791, 0.5273805489664518, 0.5700101660454082, 0.592358522534734, 0.6137241613012537, 0.6421721450355808, 0.6569129108776687, 0.6753981701118259, 0.6932395798034569, 0.7120637072178928, 0.7387326330057605, 0.7440359200271094, 0.7636225008471706, 0.7837851575737041, 0.7937139952558457, 0.8059132497458484, 0.8178075228736015, 0.8226363944425621, 0.844018976618095, 0.849966113181972, 0.8617756692646562, 0.8729074889867839, 0.8814639105388004, 0.8925787868519143, 0.9019654354456114, 0.915520162656726, 0.9178414096916293, 0.925211792612673, 0.9334801762114534, 0.9386479159606906, 0.9451541850220261, 0.948780074550999, 0.9553880040664171, 0.9556082683835982, 0.961775669264655, 0.9656387665198232, 0.9660792951541842, 0.9742290748898672, 0.9749915282954926, 0.9714672992206027, 0.9779735682819375, 0.9781938325991181, 0.9808370044052857, 0.9812775330396465, 0.9828193832599113, 0.9843612334801756, 0.9803964757709245, 0.9839207048458142, 0.987546594374788, 0.9874449339207045, 0.9899695018637747, 0.9878854625550655, 0.9896475770925103], "valid_loss": [0.300760254777711, 0.2827458155566248, 0.26632434386631537, 0.2464809058041408, 0.23378903804154233, 0.22166671886526304, 0.2112574782864801, 0.20060448810972017, 0.19131796832742362, 0.18492128006343184, 0.1744017744886464, 0.1663249440748116, 0.15881160286993817, 0.15039125341793586, 0.14426328524433332, 0.14015265554189682, 0.13009727746248245, 0.12362734665130747, 0.1208416102775212, 0.12105334742829718, 0.11617863139715688, 0.10322475022283094, 0.10155523093096142, 0.09611685715358832, 0.09568404342079985, 0.09085779881169057, 0.08816676651095522, 0.08888121386026514, 0.08352200558473324, 0.08464943071634605, 0.09098962373260794, 0.08055461532083051, 0.07692751994934575, 0.0744269957830166, 0.07421648778535168, 0.07340001912209494, 0.0750954137023153, 0.07262945528431185, 0.06707403866638398, 0.07268453402252033, 0.07100637912236411, 0.07542965056952732, 0.0719557093649075, 0.06615150906145573, 0.06804922357972326, 0.06989684489009709, 0.0714935271775928, 0.06923186348686958, 0.07055464508975375, 0.08200567533615334, 0.07154544597042017, 0.07062641749608106, 0.08030145319885221, 0.0649241629088747, 0.06671547106113927, 0.07648554559925506, 0.07794034365436127, 0.06879938377773967, 0.07633418724711599, 0.07527154308326285], "valid_accu": [0.32931034482758625, 0.36034482758620695, 0.364367816091954, 0.38275862068965516, 0.4258620689655172, 0.47816091954022977, 0.5189655172413793, 0.574712643678161, 0.6103448275862069, 0.6362068965517239, 0.6568965517241377, 0.6741379310344826, 0.6844827586206896, 0.7057471264367815, 0.7281609195402298, 0.7310344827586207, 0.7367816091954025, 0.7396551724137932, 0.7678160919540231, 0.7540229885057471, 0.7591954022988506, 0.7839080459770116, 0.8103448275862069, 0.8068965517241379, 0.8045977011494252, 0.829310344827586, 0.8235632183908046, 0.8258620689655174, 0.8293103448275863, 0.8270114942528735, 0.8183908045977011, 0.8413793103448275, 0.8551724137931034, 0.8603448275862069, 0.8545977011494251, 0.867241379310345, 0.8603448275862071, 0.8758620689655171, 0.882758620689655, 0.8672413793103447, 0.8775862068965519, 0.8672413793103445, 0.8637931034482759, 0.875862068965517, 0.8793103448275861, 0.861494252873563, 0.8603448275862068, 0.8724137931034481, 0.8724137931034484, 0.8459770114942529, 0.8706896551724136, 0.864942528735632, 0.8637931034482759, 0.8775862068965516, 0.8844827586206895, 0.8637931034482758, 0.8620689655172413, 0.8758620689655171, 0.8655172413793102, 0.8724137931034481]}