{"train_loss": [0.3132851688347199, 0.2975308092942847, 0.2828973236325554, 0.26673845159062204, 0.25277650349728337, 0.2406652068907994, 0.22989248684586933, 0.22145149433402764, 0.21250221638690006, 0.2015787425414056, 0.19216120840431836, 0.18427537555605306, 0.17589448986468337, 0.16679825069226883, 0.16040575504302979, 0.15270045488285072, 0.14519167520795098, 0.13743914173103638, 0.13084727721001607, 0.12386244683144901, 0.11643070220487758, 0.11094878016589496, 0.10514252261968436, 0.09963793967263813, 0.09474211504543405, 0.0878543041991111, 0.08190329966139426, 0.07786773663785489, 0.07276515331168532, 0.06904048159193363, 0.0646674555812507, 0.059346323730300965, 0.05391758842812236, 0.051066043450279645, 0.04821592001941892, 0.04405820879691367, 0.04109603116116466, 0.037956553544143484, 0.03564560560238782, 0.03357652749759576, 0.03140908997661807, 0.028281614520804473, 0.02639052253790889, 0.025986050912035458, 0.022138782045578315, 0.02031581933376285, 0.020947042835203496, 0.017988689216612817, 0.016470335771653816, 0.01651777111871849, 0.014894321101352507, 0.015258098098076059, 0.013342250838038812, 0.01334174769537704, 0.012092969432885509, 0.010875336592504139, 0.010445966580441623, 0.009418737684327305, 0.010083593593270308, 0.008850143242592508], "train_accu": [0.2233819044391731, 0.2972551677397493, 0.34740765842087445, 0.37292443239579814, 0.39232463571670645, 0.42350050830227026, 0.4607421213148085, 0.49488309047780443, 0.5240765842087428, 0.5706709589969502, 0.5901558793629277, 0.6139444256184342, 0.6415113520840391, 0.6592172145035583, 0.6771602846492707, 0.6939003727549985, 0.7109623856319894, 0.7400542189088449, 0.7435953913927478, 0.766706201287699, 0.7832429684852592, 0.7945950525245679, 0.8032700779396809, 0.8205692985428666, 0.82197560149102, 0.8426973907150119, 0.8523890206709588, 0.8605557438156549, 0.874669603524229, 0.881362250084717, 0.8922399186716363, 0.9028464927143339, 0.9146391053880034, 0.9176211453744489, 0.9276347001016594, 0.9335818366655371, 0.9386479159606901, 0.9455947136563875, 0.9478990172822767, 0.9487800745509991, 0.9536258895289724, 0.961995933581836, 0.9687224669603515, 0.9650796340223646, 0.9709251101321583, 0.9745509996611311, 0.9727888851236862, 0.9762114537444927, 0.9788546255506599, 0.9806167400881048, 0.9797356828193824, 0.9802778719078273, 0.981718061674008, 0.9825991189427306, 0.9861233480176204, 0.9855642155201625, 0.9855642155201622, 0.9871060657404269, 0.9868858014232459, 0.9895289732294132], "valid_loss": [0.30070983952489394, 0.28272758064598874, 0.2661828203447934, 0.24649117270420337, 0.23365797102451324, 0.22169714703642088, 0.21148098594155804, 0.20087644868883595, 0.19151380452616462, 0.185154989361763, 0.1749300494276244, 0.16684168448735928, 0.1590293178270603, 0.15084120888134528, 0.14512079311855908, 0.14062293464767522, 0.13061741611053204, 0.12393619531187518, 0.12118416356629338, 0.12154066280044358, 0.11550231483475916, 0.1036328764568115, 0.10159164345983801, 0.09591507025319955, 0.09623544547578385, 0.09074491300973399, 0.08830187906479013, 0.08852680579855524, 0.08269697517670434, 0.0837719988977087, 0.09200403145675001, 0.07952075605762415, 0.07614972050590761, 0.07272811767099233, 0.07412009878919043, 0.07410594313566027, 0.07331910716562436, 0.07151019772322013, 0.06640457644544799, 0.07674653384962986, 0.07189178396144817, 0.07353425600790772, 0.07102177125112764, 0.06741795226417739, 0.06892985754228871, 0.07007523590763068, 0.07084085052062211, 0.06821076735725691, 0.06995576353550985, 0.07827569791597538, 0.07479996532844059, 0.06993931336007242, 0.07234355611405496, 0.06743060784607098, 0.06949010150956697, 0.06978158906487555, 0.1479077016742065, 0.06736979119736573, 0.09355530226282005, 0.07993013837278404], "valid_accu": [0.33275862068965517, 0.3603448275862069, 0.3626436781609195, 0.3879310344827587, 0.4258620689655172, 0.47988505747126436, 0.5189655172413794, 0.5695402298850575, 0.6000000000000001, 0.6275862068965515, 0.6568965517241379, 0.6672413793103447, 0.6844827586206894, 0.7057471264367817, 0.7155172413793103, 0.7258620689655174, 0.731609195402299, 0.7419540229885058, 0.7609195402298851, 0.7488505747126436, 0.7591954022988505, 0.7804597701149425, 0.8120689655172415, 0.8120689655172415, 0.8011494252873564, 0.8258620689655171, 0.8201149425287358, 0.8275862068965518, 0.8413793103448277, 0.8310344827586209, 0.8293103448275863, 0.8482758620689654, 0.8551724137931035, 0.868965517241379, 0.8672413793103446, 0.8637931034482758, 0.8482758620689655, 0.8741379310344827, 0.879310344827586, 0.8706896551724139, 0.8810344827586207, 0.868965517241379, 0.8637931034482758, 0.8689655172413792, 0.8672413793103447, 0.8758620689655168, 0.8586206896551721, 0.8758620689655171, 0.8775862068965515, 0.8689655172413792, 0.8741379310344826, 0.879310344827586, 0.8689655172413792, 0.8741379310344826, 0.8827586206896549, 0.8827586206896549, 0.7597701149425287, 0.8844827586206896, 0.8356321839080461, 0.8632183908045974]}