{"train_loss": [0.3089991107733563, 0.28049883020646643, 0.25516851059716156, 0.2381391456632903, 0.22633475796742872, 0.21614698228811977, 0.20819338075440338, 0.19880245845727246, 0.19213978229749082, 0.18403164437322905, 0.17760505763569265, 0.16874462497053724, 0.1629077819110167, 0.15891780237657854, 0.15071415446623407, 0.1459769011446924, 0.13820950698972953, 0.13531535848072082, 0.12782399104249598, 0.12484117626692309, 0.1205879958064267, 0.11430030538126676, 0.11079523055390879, 0.10714452131228014, 0.10424847702937896, 0.0987864778386523, 0.09639392785276428, 0.09282987719834453, 0.08738412450660359, 0.08596001195937696, 0.0819209640074258, 0.0781660770903332, 0.07648832463104316, 0.07368756883373165, 0.0692955907246079, 0.06675485539052523, 0.06448729387249308, 0.061187702195361404, 0.05916737030363745, 0.056337349651136785, 0.05406318265154506, 0.052886092688210984, 0.04871747624881641, 0.04779672581758915, 0.04542274552801944, 0.04507123290777507, 0.041843855838206684, 0.04023784135910447, 0.040186286637691235, 0.036863325107278244, 0.036823711374473544, 0.03478853246761542, 0.032766749997943115, 0.03161044602536343, 0.0286572916287402, 0.030313109865205155, 0.026780900830459413, 0.027526946410753133, 0.026280011004072172, 0.02446986463313659], "train_accu": [0.23568181818181813, 0.3351010101010101, 0.37734848484848477, 0.43666666666666665, 0.48527777777777814, 0.5109343434343429, 0.5295959595959598, 0.5629040404040406, 0.573787878787879, 0.6046212121212119, 0.6177525252525253, 0.6451010101010094, 0.6533585858585862, 0.6639646464646461, 0.6823989898989902, 0.6955050505050508, 0.7117424242424238, 0.719520202020202, 0.73969696969697, 0.745328282828283, 0.7494696969696968, 0.7676767676767682, 0.7765151515151518, 0.7863888888888898, 0.7876767676767671, 0.797828282828284, 0.8104040404040409, 0.8149747474747477, 0.8272222222222221, 0.8312878787878799, 0.8415151515151515, 0.8489393939393943, 0.851641414141414, 0.8563636363636357, 0.8649242424242424, 0.8722474747474732, 0.877222222222221, 0.8862373737373717, 0.8867676767676745, 0.8940909090909075, 0.9004545454545433, 0.9037878787878761, 0.9105808080808048, 0.9154545454545427, 0.9171717171717142, 0.9174747474747443, 0.9245202020201997, 0.9249999999999973, 0.9298484848484816, 0.9317929292929258, 0.9330303030302994, 0.935404040404037, 0.943055555555552, 0.9409848484848459, 0.9487626262626231, 0.9448989898989857, 0.9536111111111081, 0.9511616161616125, 0.9544444444444411, 0.9544444444444407], "valid_loss": [0.28535930764290596, 0.2516308664794891, 0.2281638275711767, 0.21262668457723433, 0.20148046699262434, 0.1899299787417535, 0.18188222257360334, 0.1718777760622963, 0.16574941899987958, 0.15916277840733528, 0.15042340298814158, 0.14405397722317326, 0.13823622152689966, 0.13464936517900036, 0.12979099791376822, 0.12431776775948462, 0.12075182915695253, 0.11796816546590097, 0.11710293909474727, 0.11210410657428926, 0.10832267819393065, 0.10667780834820963, 0.10547699893434201, 0.10392468699043797, 0.10145841394701312, 0.0987809422395883, 0.09879011126054872, 0.09883419941029241, 0.09636861746830325, 0.09275442253678076, 0.09301231437993626, 0.09279868150911023, 0.09128965966163143, 0.09083974346398346, 0.0916635881989233, 0.08937994670122862, 0.09107332117855549, 0.08821041347278703, 0.08889318404779319, 0.08892255961414307, 0.08876289649596138, 0.08875614840296968, 0.08796779090358366, 0.08690239248737212, 0.08455777324495777, 0.08694073467725708, 0.08596529913765769, 0.08847502084268678, 0.0911481846724787, 0.08639145768698185, 0.08625575194075223, 0.08984322197014286, 0.0875877577871565, 0.09134241665202764, 0.09028780832886696, 0.08992455358947476, 0.0932954847512226, 0.09210091033169339, 0.09016662235221555, 0.09367410297836026], "valid_accu": [0.3492409867172676, 0.3770872865275142, 0.422248576850095, 0.5086812144212525, 0.5596299810246678, 0.5773719165085388, 0.5999525616698291, 0.6225332068311193, 0.652371916508539, 0.6668880455407971, 0.6902751423149904, 0.7023719165085391, 0.7210626185958255, 0.7308823529411763, 0.7429791271347248, 0.7413662239089186, 0.7541271347248576, 0.7566888045540797, 0.7568311195445919, 0.760721062618596, 0.7713472485768501, 0.7753795066413661, 0.7753795066413661, 0.7794117647058825, 0.784392789373814, 0.7866698292220112, 0.7940702087286527, 0.7972960151802656, 0.8013282732447816, 0.8085863377609109, 0.806166982922201, 0.8126185958254267, 0.8158444022770396, 0.8118121442125237, 0.8148956356736242, 0.814231499051233, 0.8142314990512337, 0.819876660341556, 0.8311669829222013, 0.8214895635673625, 0.8279411764705883, 0.8319734345351043, 0.8261859582542693, 0.8327798861480076, 0.8351992409867173, 0.8384250474383302, 0.8393738140417457, 0.8387096774193546, 0.8329222011385197, 0.8432637571157495, 0.8400379506641366, 0.8450189753320683, 0.8464895635673625, 0.8451612903225806, 0.8425996204933588, 0.8508064516129032, 0.8450189753320682, 0.8434060721062618, 0.8442125237191649, 0.8458254269449715]}