{"reggae": 0.6458689848989448, "disco": 0.5604055686192121, "metal": 0.724898471199443, "blues": 0.5660637418205261, "hiphop": 0.8137015504845071, "rock": 0.35910537883345234, "pop": 0.700753397111294, "classical": 0.9966799220850711, "jazz": 0.871184916013677, "country": 0.6941583015456422}