{"train_loss": [0.31409779716168207, 0.2957840086605055, 0.28477702778866637, 0.27248117865969956, 0.25943536826692487, 0.24782952915729406, 0.23588305534507734, 0.2278868479875741, 0.21913272434525552, 0.21171717122525371, 0.2013776696200938, 0.19496967915921484, 0.1906078620957383, 0.18236084521998394, 0.17382038394522561, 0.17133445355072946, 0.16674794732605308, 0.16008409788823863, 0.1551132501484539, 0.15212152684969, 0.1449950921640522, 0.13965750551302528, 0.13412882646931426, 0.13045930969098066, 0.12633340507089305, 0.11857775764515222, 0.1173602532644629, 0.11359670912510499, 0.10958571666400338, 0.10437655657332899, 0.09941209611454199, 0.09745314352148693, 0.0925485038973949, 0.08854112923473513, 0.08554093145030973, 0.07982649871595368, 0.07641478759207915, 0.07342440340388977, 0.06877471020830886, 0.06416673785986354, 0.05977672466491288, 0.06108705379429893, 0.055428324509329996, 0.053888922852632234, 0.05096402153832272, 0.04867402942531172, 0.04426858124901676, 0.04048482345679717, 0.04006465150880328, 0.03818851903425571, 0.03572307041813394, 0.034811982002913425, 0.03066185544273664, 0.03147478860039838, 0.02849114434752564, 0.026132348619220935, 0.02566663679432961, 0.02310762016845268, 0.021174699883489554, 0.022382703443090658], "train_accu": [0.20181294476448658, 0.28373432734666226, 0.32161978990172796, 0.35830227041680773, 0.3838529312097593, 0.41613012538122685, 0.45150796340223665, 0.4825313453066759, 0.5080989495086411, 0.5266858691968822, 0.562063707217892, 0.5732802439850898, 0.5926973907150117, 0.6113012538122672, 0.6327854964418841, 0.636326668925788, 0.6499322263639445, 0.67067095899695, 0.6860894611995934, 0.6903930870891223, 0.7058963063368353, 0.7148593697051849, 0.7298203998644521, 0.7379701796001362, 0.7376482548288718, 0.7630803117587257, 0.7681125042358528, 0.7787021348695354, 0.7876313114198578, 0.7997627922738054, 0.8026092849881399, 0.8117417824466279, 0.8212300914944085, 0.8317011182649949, 0.8376313114198579, 0.8522026431718057, 0.8602168756353777, 0.8648593697051846, 0.875974246018298, 0.8859878007455105, 0.8921721450355802, 0.8898678414096922, 0.9031684174855977, 0.9040664181633342, 0.9110132158590304, 0.9137411047102675, 0.9228905455777702, 0.9385462555066072, 0.9342426296170784, 0.9366655371060653, 0.9387495764147736, 0.9436123348017615, 0.9563707217892236, 0.9506438495425272, 0.9536089461199585, 0.9586919688241268, 0.9588105726872244, 0.965079634022365, 0.9697051846831575, 0.9648593697051835], "valid_loss": [0.298861236407839, 0.2810689637373234, 0.2690877842492071, 0.25413380203575925, 0.23968457559059406, 0.22775327337199244, 0.21665199152354536, 0.20690557309265795, 0.19852081403650088, 0.18962642293551873, 0.1825437612574676, 0.1767325578578587, 0.17195115161353144, 0.164780812530682, 0.15903952794856038, 0.15443338068394824, 0.15306690772031917, 0.1484639336322916, 0.14269021230524984, 0.138859281509087, 0.1355601433536102, 0.13248279253984319, 0.1286152513890431, 0.1252946633974026, 0.12361480706724627, 0.12057183926989293, 0.11823627134335452, 0.11517497730152361, 0.11349421367049217, 0.11263822687083277, 0.1104386758444638, 0.10712818505948987, 0.10762794945260575, 0.10548117467812423, 0.10257698871709149, 0.10088410247759573, 0.0995031925367898, 0.09690202946036026, 0.0985925455160182, 0.09971579652408073, 0.09672499126915274, 0.09318015146358259, 0.09258718287636494, 0.0930814359594008, 0.09227853955636764, 0.09126616545535367, 0.09174662250383146, 0.092400003096153, 0.08876424546128717, 0.09331096850078681, 0.09263290419917682, 0.09054199651140592, 0.09547877035521228, 0.09070389030565476, 0.09524491390791433, 0.09568345829330642, 0.09414426654834172, 0.09719493991599001, 0.09245972598678079, 0.09535292622729621], "valid_accu": [0.32931034482758625, 0.32356321839080465, 0.35287356321839075, 0.38448275862068965, 0.4206896551724139, 0.47241379310344833, 0.5120689655172415, 0.5396551724137932, 0.5724137931034482, 0.5879310344827586, 0.614367816091954, 0.6252873563218391, 0.6499999999999999, 0.6568965517241379, 0.6586206896551726, 0.6695402298850577, 0.6781609195402301, 0.695402298850575, 0.7040229885057472, 0.7195402298850575, 0.7281609195402299, 0.7229885057471265, 0.7229885057471265, 0.7333333333333334, 0.7419540229885058, 0.7471264367816093, 0.7626436781609197, 0.7626436781609196, 0.7678160919540231, 0.7764367816091955, 0.7729885057471264, 0.7729885057471265, 0.7850574712643678, 0.7816091954022989, 0.7936781609195404, 0.7902298850574713, 0.7919540229885059, 0.7988505747126438, 0.7954022988505747, 0.7971264367816094, 0.8022988505747127, 0.8126436781609196, 0.8149425287356322, 0.8178160919540228, 0.8212643678160919, 0.8195402298850575, 0.8178160919540229, 0.8229885057471265, 0.8160919540229885, 0.8264367816091953, 0.8109195402298852, 0.8298850574712645, 0.8172413793103449, 0.8224137931034483, 0.8189655172413793, 0.8126436781609196, 0.8195402298850575, 0.8229885057471266, 0.8229885057471266, 0.8178160919540229]}