{"reggae": 0.6651951826822047, "disco": 0.7771497770729218, "metal": 0.765506120290974, "blues": 0.8899940460898366, "hiphop": 0.8920196953748116, "rock": 0.19726989470125236, "pop": 0.7418832039979653, "classical": 0.9678890333062886, "jazz": 0.8692396606580983, "country": 0.7957753797089727}