{"train_loss": [0.3248253193959384, 0.32310394732884956, 0.31530032485303744, 0.2928802028928005, 0.27370173819887805, 0.2518513729454766, 0.2363740592985086, 0.22171885719601536, 0.2079987289829993, 0.19643892442256633, 0.18709823363263842, 0.17501128359999454, 0.1658076233637165, 0.15698473533274424, 0.14843939585794866, 0.13911154855724792, 0.13064982589911406, 0.11455822594358887, 0.11187775244175548, 0.10259232819605042, 0.09591763836502189, 0.08566270146886228, 0.07572916626248141, 0.07349901996605412, 0.064342000075734, 0.058416928308950344, 0.0498372831539264, 0.04689724453475694, 0.04368633255493683, 0.035647086733558646, 0.03573009196150733, 0.028331995367820204, 0.029990712279112826, 0.02625279958543538, 0.02437599715907914, 0.023612563032656908, 0.02403611669802225, 0.018696418020572567, 0.020069369633065562, 0.020246773123623094], "train_accu": [0.1261108316566063, 0.14780348759221998, 0.20744257209926223, 0.2667567907444668, 0.3280516431924883, 0.38778504359490273, 0.42658031522468143, 0.4672933433936955, 0.4989730046948357, 0.524155348759222, 0.5435215459423206, 0.579518779342723, 0.5971034540576794, 0.6331006874580818, 0.6462105969148223, 0.6795460261569416, 0.6979166666666667, 0.7468980549966465, 0.7561410127431254, 0.779898138832998, 0.794548541247485, 0.8262282025486251, 0.8504359490274983, 0.8550783869885983, 0.8733442320590208, 0.8873134641180416, 0.9050343729040913, 0.9130617035546612, 0.9236355633802817, 0.9411049631120053, 0.9381602112676056, 0.9509138162307176, 0.9459674714956405, 0.9533450704225352, 0.9607121898054998, 0.9608169852448021, 0.9609322602280349, 0.9685299295774648, 0.9650088028169014, 0.9667379275653925], "valid_loss": [0.3227207130855984, 0.3185989260673523, 0.29622745679484475, 0.2697769444849756, 0.24385160870022243, 0.2261545459429423, 0.22120352337757745, 0.19327550215853584, 0.18028647204240164, 0.17878560307953092, 0.15978679723209804, 0.15773147510157692, 0.1651596708430184, 0.1423181150522497, 0.13298947571052444, 0.12884388574295574, 0.14350253757503298, 0.1332199995716413, 0.11419060660733117, 0.12353152616156472, 0.11045585324366887, 0.17823062299026382, 0.1361832676662339, 0.10864327558212811, 0.108892396506336, 0.11081726807687017, 0.132582137050728, 0.10951574446840419, 0.10727172282834847, 0.14467135071754456, 0.11108159403213197, 0.1442628631161319, 0.13274449523952273, 0.11030855981840028, 0.2125214681857162, 0.1967718886832396, 0.13106649162040818, 0.11816691203663747, 0.14173872582614422, 0.24774262929956117], "valid_accu": [0.17613636363636365, 0.23058712121212122, 0.24794823232323232, 0.3162878787878788, 0.3933080808080808, 0.4427083333333333, 0.41934974747474746, 0.4957386363636364, 0.5692866161616162, 0.565814393939394, 0.6377840909090909, 0.6343118686868687, 0.6032196969696969, 0.6871843434343434, 0.7089646464646465, 0.7174873737373737, 0.6786616161616162, 0.6889204545454546, 0.7514204545454546, 0.7470012626262625, 0.7660984848484849, 0.6541982323232323, 0.7356376262626263, 0.7825126262626263, 0.7956123737373737, 0.7904040404040403, 0.7678345959595959, 0.8093434343434344, 0.8181818181818181, 0.7686237373737375, 0.8260732323232323, 0.8033459595959597, 0.7937184343434344, 0.8162878787878788, 0.7539457070707071, 0.7703598484848485, 0.8172348484848485, 0.8371212121212122, 0.8120265151515151, 0.7350063131313131]}