{"train_a": [0.21817781690140844, 0.3313380281690141, 0.3756161971830986, 0.41377640845070424, 0.4704225352112676, 0.5168133802816902, 0.5479313380281691, 0.5753080985915493, 0.6096390845070422, 0.6358714788732395, 0.6348151408450704, 0.6740316901408451, 0.6834507042253521, 0.7126320422535211, 0.723943661971831, 0.7504841549295774, 0.7666373239436619, 0.7810299295774648, 0.801056338028169, 0.8236795774647888, 0.8359595070422535, 0.8507482394366198, 0.8670774647887324, 0.8820422535211268, 0.8901408450704226, 0.8973591549295774, 0.9037411971830986, 0.9150528169014085, 0.9242517605633803, 0.9356954225352113, 0.9427376760563381, 0.950044014084507, 0.9515845070422535, 0.9555017605633803, 0.9643485915492958, 0.9700704225352113, 0.971830985915493, 0.9753080985915493, 0.9733714788732394, 0.9739876760563381], "train_l": [0.3129675308583488, 0.2865020994254401, 0.2616342085243111, 0.24380734715033586, 0.22686258089584363, 0.21254178084118266, 0.2031684663723892, 0.19053975128057138, 0.1805638329086589, 0.17138336787761096, 0.16568291491605866, 0.15554814190197158, 0.1499008535420601, 0.13961541873048727, 0.13336995297806784, 0.12308978652712745, 0.11605771962868076, 0.10851591786133571, 0.10128023758740493, 0.09181015137058328, 0.0857252613247805, 0.07795351689261659, 0.07108868711339442, 0.06639825380210515, 0.06041243818299976, 0.05652665767923627, 0.05108416439066838, 0.04751198200679476, 0.04357341249329104, 0.039111218490624725, 0.03408555038975106, 0.03035820527518706, 0.02988473419161533, 0.026384014087814416, 0.023459063277622476, 0.020783800429059522, 0.01869212644966647, 0.017793786190273927, 0.01711816374953626, 0.015831351381665897], "valid_a": [0.3148148148148148, 0.34953703703703703, 0.3894675925925926, 0.4756944444444444, 0.5520833333333334, 0.6180555555555556, 0.6510416666666666, 0.6579861111111112, 0.6869212962962963, 0.703125, 0.7274305555555556, 0.7158564814814814, 0.7233796296296297, 0.7563657407407408, 0.7627314814814814, 0.771412037037037, 0.771412037037037, 0.7818287037037037, 0.7922453703703703, 0.7986111111111112, 0.8009259259259259, 0.8246527777777778, 0.8107638888888888, 0.8263888888888888, 0.8263888888888888, 0.8263888888888888, 0.8350694444444444, 0.8315972222222222, 0.8043981481481481, 0.8420138888888888, 0.8368055555555556, 0.8315972222222222, 0.833912037037037, 0.8489583333333334, 0.8321759259259259, 0.8454861111111112, 0.8420138888888888, 0.8420138888888888, 0.8287037037037037, 0.84375], "valid_l": [0.29179944346348446, 0.2585753674308459, 0.23452467968066534, 0.21573123666975233, 0.19780342053208086, 0.1857138785223166, 0.17130320312248337, 0.16410301046239006, 0.1529197171330452, 0.1455663467446963, 0.1386184005273713, 0.13541021632651487, 0.1312309087564548, 0.12150185617307822, 0.11684817272341913, 0.11304029708521234, 0.11150504214068253, 0.10245425450719065, 0.09902132923404376, 0.09815392922610044, 0.09796684473339054, 0.09176641283556819, 0.09190427149749464, 0.08803021245532566, 0.08504588358725111, 0.08739985116860932, 0.08452542053742541, 0.08551296219229698, 0.09191086148429248, 0.08429913284877937, 0.08525458348190619, 0.09022030720694198, 0.08530787145718932, 0.08853248139429423, 0.08982861326593491, 0.08793776570301917, 0.09182712114933464, 0.08987024661877917, 0.09440049117741485, 0.09121706748070817]}