{"train_a": [0.23667205169628433, 0.32592891760904685, 0.37540387722132473, 0.43093699515347333, 0.47526252019386106, 0.5120153473344103, 0.5418012924071083, 0.5656300484652665, 0.5865306946688207, 0.6130856219709209, 0.6344911147011308, 0.6466074313408724, 0.6686187399030694, 0.6823505654281099, 0.6967891760904685, 0.7069870759289176, 0.7250605815831987, 0.7379846526655897, 0.7437399030694669, 0.7608037156704361, 0.7720113085621971, 0.7780694668820679, 0.7877625201938611, 0.7934168012924071, 0.8040185783521809, 0.8117932148626817, 0.8223949919224556, 0.8251211631663974, 0.8317851373182552, 0.8453150242326333, 0.8532915993537964, 0.851373182552504, 0.8624798061389337, 0.8687399030694669, 0.8714660743134087, 0.8855008077544426, 0.8855008077544426, 0.8908521809369951, 0.893578352180937, 0.8927705977382876, 0.906502423263328, 0.9070072697899838, 0.9096324717285945, 0.9176090468497576, 0.9157915993537964, 0.9201332794830371, 0.927907915993538, 0.9332592891760905, 0.9334612277867528, 0.9373990306946688, 0.9358844911147012, 0.9411348949919225, 0.9400242326332795, 0.9461833602584814, 0.9461833602584814, 0.9503231017770598, 0.9522415185783522, 0.9536550888529887, 0.9551696284329564, 0.9608239095315024], "train_l": [0.30951374417745625, 0.2846203018852505, 0.2613038711719251, 0.24369529891091132, 0.22844201841531547, 0.21747228339531116, 0.20795852564552103, 0.19832385285653667, 0.19025774803223247, 0.18142921875963688, 0.17322458541065888, 0.16554228363254728, 0.15815630509414272, 0.1506223071348494, 0.14450551259522484, 0.14124971398292335, 0.13464043389325767, 0.13016395779365678, 0.12256564920307747, 0.11797594425895873, 0.1123575812599867, 0.10993936712069735, 0.10464891041170125, 0.10196063246860836, 0.09788157833628777, 0.09486659570794209, 0.09030935273585489, 0.08842210065398926, 0.08555005942900125, 0.08001289283330154, 0.07688554040846898, 0.07428273666644039, 0.06950664388464226, 0.06887572862791659, 0.06575058971536203, 0.06152013040212418, 0.0606800592346463, 0.05725304132495948, 0.05687232495861817, 0.05705012241980251, 0.051817549816490734, 0.05108449128433845, 0.048574861561464254, 0.04655250738884935, 0.0440841050403304, 0.042370393654099864, 0.04002655171924639, 0.03754026441788225, 0.03678685632253725, 0.03463095829602834, 0.03494689373208454, 0.03261583907688067, 0.032854768317621595, 0.0297603376460057, 0.02970466741933585, 0.027910287046815557, 0.026985161102930557, 0.02561908194352158, 0.02528760221076645, 0.02214429597925133], "valid_a": [0.34647435897435896, 0.39711538461538465, 0.42612179487179486, 0.5126602564102564, 0.5573717948717949, 0.5798076923076924, 0.604647435897436, 0.6487179487179487, 0.6591346153846154, 0.6817307692307691, 0.69375, 0.7169871794871795, 0.7243589743589743, 0.7307692307692307, 0.7522435897435897, 0.7620192307692307, 0.7716346153846154, 0.7674679487179487, 0.7826923076923077, 0.7884615384615384, 0.7834935897435897, 0.782051282051282, 0.7939102564102564, 0.7953525641025642, 0.8100961538461539, 0.8067307692307691, 0.8115384615384615, 0.8032051282051282, 0.8149038461538461, 0.81875, 0.819551282051282, 0.8243589743589743, 0.8233974358974359, 0.8113782051282051, 0.8261217948717948, 0.8298076923076922, 0.8290064102564102, 0.826602564102564, 0.8394230769230768, 0.8419871794871795, 0.8338141025641025, 0.8370192307692307, 0.8451923076923077, 0.8394230769230768, 0.8410256410256409, 0.8435897435897436, 0.841826923076923, 0.841826923076923, 0.8474358974358973, 0.8459935897435897, 0.8402243589743589, 0.842628205128205, 0.8392628205128206, 0.8410256410256409, 0.8442307692307691, 0.8434294871794871, 0.8408653846153847, 0.8434294871794871, 0.8485576923076923, 0.8395833333333333], "valid_l": [0.2849675218264262, 0.25669775215479046, 0.23179130733777314, 0.21552037791563913, 0.20274071825238374, 0.19114541405668625, 0.17928223713086203, 0.17021000375732398, 0.16131562806474856, 0.1535258391060126, 0.1479358063198817, 0.1412449293793776, 0.13499587210707176, 0.1301675982391223, 0.12581627037471685, 0.12076627415342209, 0.11640114607050633, 0.11528427235017984, 0.11235501464360799, 0.10948855004822597, 0.10633990894525479, 0.10588586767419027, 0.10297476380872421, 0.10027891691201009, 0.09900648280596122, 0.09710530139123782, 0.09637591926954113, 0.09458656802486914, 0.09244358327048711, 0.09151051588690816, 0.092110902739641, 0.09235092024438274, 0.08963795454026414, 0.09750027548617278, 0.08896938362755837, 0.09109254549138057, 0.09115880598815587, 0.09014277942239857, 0.08972215744404075, 0.08944006707184972, 0.08711652030857901, 0.08937110943504824, 0.08473152965784837, 0.08985833320408486, 0.08887503420313199, 0.0919175422989214, 0.0889671377491397, 0.08942892197041939, 0.08978400833737583, 0.0892077513361493, 0.09508073940210474, 0.09542747171750914, 0.09258881845296575, 0.09049415539723271, 0.09191741850167418, 0.09295411596301562, 0.09403795665965821, 0.09560200419479933, 0.09404480628794633, 0.09972373163626076]}