{"train_a": [0.24035714285714285, 0.3360714285714286, 0.37589285714285714, 0.4142857142857143, 0.4426785714285714, 0.4732142857142857, 0.5025, 0.5283928571428571, 0.5482142857142858, 0.5775, 0.6035714285714285, 0.6083928571428572, 0.6376785714285714, 0.6519642857142857, 0.67125, 0.6873214285714285, 0.7044642857142858, 0.7208928571428571, 0.7351785714285715, 0.7446428571428572, 0.7526785714285714, 0.7632142857142857, 0.7819642857142857, 0.79125, 0.7975, 0.81375, 0.8123214285714285, 0.8241071428571428, 0.8376785714285714, 0.8507142857142858, 0.85125, 0.8575, 0.8682142857142857, 0.8794642857142857, 0.8825, 0.8896428571428572, 0.8955357142857143, 0.9032142857142857, 0.9110714285714285, 0.9142857142857143, 0.9233928571428571, 0.9241071428571429, 0.9292857142857143, 0.9357142857142857, 0.93875, 0.9482142857142857, 0.9541071428571428, 0.9551785714285714, 0.9592857142857143, 0.9630357142857143, 0.9630357142857143, 0.9714285714285714, 0.9744642857142857, 0.9741071428571428, 0.9735714285714285, 0.9803571428571428, 0.9807142857142858, 0.9814285714285714, 0.9828571428571429, 0.9826785714285714], "train_l": [0.30255972470555986, 0.2770320620281356, 0.25922534742525644, 0.24668227349008834, 0.23630635891641888, 0.22768983551434108, 0.2197113361954689, 0.21199326153312412, 0.20510248650397572, 0.19581083342432976, 0.18769399689776556, 0.1817217985008444, 0.17431032953517778, 0.1676770727975028, 0.16049551056964056, 0.1550075363261359, 0.14850529921906336, 0.1413515536806413, 0.13613458750503404, 0.13009437230016505, 0.1254795228796346, 0.12062511252505438, 0.11527705264942986, 0.11127843792949405, 0.10600745055824518, 0.10071494968874115, 0.0989259370309966, 0.09465544232300349, 0.08858895216669355, 0.08392566961901529, 0.08191045253936734, 0.07884847944868463, 0.07431950422802142, 0.06942021048494748, 0.06776585435760872, 0.06457765606631126, 0.060626615120896274, 0.057391779191259824, 0.055354721692523784, 0.050940310233937844, 0.04836618783750704, 0.04638351885601878, 0.044453938717820815, 0.04131255435757339, 0.03901842403092555, 0.035261173737900595, 0.031888711944754636, 0.03167043700415109, 0.028812847583155547, 0.02724235990550369, 0.025479542785324157, 0.022898204113090678, 0.02149193841564868, 0.020352399783608106, 0.020075068570274326, 0.017528118997413134, 0.016561033797250796, 0.01549391930423943, 0.013924738308082201, 0.013687002460937948], "valid_a": [0.3740530303030303, 0.4209280303030303, 0.46638257575757575, 0.5241477272727273, 0.5629734848484849, 0.5501893939393939, 0.569128787878788, 0.5946969696969697, 0.5984848484848485, 0.6553030303030303, 0.662405303030303, 0.6875, 0.6960227272727273, 0.7135416666666666, 0.712121212121212, 0.71875, 0.7301136363636364, 0.7428977272727273, 0.7391098484848485, 0.7490530303030304, 0.7556818181818182, 0.7660984848484849, 0.7675189393939394, 0.7727272727272727, 0.7803030303030304, 0.7930871212121212, 0.7836174242424242, 0.8030303030303031, 0.8016098484848485, 0.8101325757575758, 0.8058712121212122, 0.8063446969696969, 0.8148674242424242, 0.8191287878787878, 0.8233901515151515, 0.831439393939394, 0.8290719696969696, 0.8153409090909091, 0.8162878787878788, 0.8304924242424242, 0.8428030303030304, 0.8262310606060606, 0.8276515151515151, 0.8494318181818182, 0.8546401515151515, 0.840435606060606, 0.8409090909090909, 0.8423295454545454, 0.8338068181818182, 0.8603219696969696, 0.8674242424242423, 0.8461174242424242, 0.8589015151515151, 0.8446969696969696, 0.8726325757575758, 0.871685606060606, 0.8570075757575758, 0.8645833333333333, 0.8375946969696969, 0.8603219696969696], "valid_l": [0.27838358824903314, 0.2514449571343986, 0.233699232339859, 0.22032916071740064, 0.21082046898928555, 0.20170011642304334, 0.1933442973955111, 0.1857716463167559, 0.18051529506390745, 0.17264546233821998, 0.16440784592520108, 0.15836148946122688, 0.15141487731174988, 0.14527086524123495, 0.14240183884447272, 0.13908804699101232, 0.1340363227169622, 0.12848472070287575, 0.12631650624627416, 0.12166526329449633, 0.11919015332717788, 0.11493810638785362, 0.11212948870591143, 0.11176772703501311, 0.10970592930574309, 0.10259416547011245, 0.10244468074630607, 0.09738706120035866, 0.09748805483633821, 0.09232163369994272, 0.09547576316716996, 0.09433136567134749, 0.09276271289722486, 0.08932348277250474, 0.08530128459361466, 0.08639770771630785, 0.08185567418960008, 0.08305648092011159, 0.0818694071336226, 0.07642240860414776, 0.07853752006353303, 0.07947400322353299, 0.07736020645296032, 0.07573952284556898, 0.07136615698056464, 0.07632210639051416, 0.0741112339310348, 0.07168672551316294, 0.0764208421619101, 0.07230801962908696, 0.06831534010019492, 0.08189598720690067, 0.0698762539647181, 0.07777745721184394, 0.06709544030441479, 0.07004886419004337, 0.0695398633198982, 0.0657853640361943, 0.07866768304004589, 0.07038410007953644]}