{"train_a": [0.22108693829644532, 0.31550762910798125, 0.35359029175050305, 0.386275989268947, 0.42412810194500333, 0.4719776995305164, 0.49830231388329976, 0.5369299128101945, 0.5740065392354124, 0.5959192655935613, 0.6118586519114688, 0.6409079476861167, 0.6511569416498993, 0.671833081824279, 0.6817362508383635, 0.700463195841717, 0.7258551307847082, 0.735684942991281, 0.7527351609657948, 0.7717660127431254, 0.7806631455399061, 0.798394533869886, 0.8093037391012743, 0.8232729711602951, 0.8381120053655264, 0.8480256539235412, 0.8570590207914152, 0.875209590878605, 0.8911594567404427, 0.8923750838363514, 0.9046990274983232, 0.9195590207914153, 0.9182281187122737, 0.9271566901408451, 0.9421214788732394, 0.9449823943661971, 0.9533450704225352, 0.9574111334674715, 0.9588363514419852, 0.9610475352112676, 0.9700704225352113, 0.9769974010731054, 0.9769974010731054, 0.9799735915492958, 0.9786531690140845, 0.9817341549295775, 0.9827192320590209, 0.9852552816901409, 0.985475352112676, 0.9876760563380281], "train_l": [0.3145111541093235, 0.29073671304004295, 0.26864689777434714, 0.25343582894600614, 0.24010703576282716, 0.2265995324287616, 0.21750849023671218, 0.2051463514356546, 0.1957618612009035, 0.18628762011796657, 0.17847820408117604, 0.16876688321501437, 0.1630261123810016, 0.15479872533133332, 0.14949825998972838, 0.14258938183037329, 0.13475492329035008, 0.12962535779241105, 0.12282814636406764, 0.11520879437596025, 0.1097473874425804, 0.10251222036673989, 0.09864472936261708, 0.09275335440753212, 0.08729024816461851, 0.08061204924130104, 0.07454410077295673, 0.07035784410234068, 0.06076436466209485, 0.06125842787745133, 0.05574171978350676, 0.0492709047541442, 0.04677732911905352, 0.042829050885802, 0.036728111348232964, 0.03499154836057462, 0.03043835634746077, 0.027712499086653263, 0.02718899564647024, 0.023908315016560152, 0.020080880629239788, 0.01889657867993687, 0.01799036616223379, 0.015124479003749053, 0.014789298963798603, 0.013986815173756068, 0.012460501433323912, 0.011400904786005668, 0.011003135068138773, 0.009729239391572905], "valid_a": [0.3128156565656566, 0.32749368686868685, 0.3630050505050505, 0.41587752525252525, 0.46875, 0.5250946969696969, 0.5866477272727273, 0.6256313131313131, 0.6680871212121212, 0.6783459595959597, 0.7051767676767677, 0.7009154040404041, 0.7053345959595959, 0.7250631313131313, 0.726010101010101, 0.7269570707070707, 0.7373737373737375, 0.7373737373737375, 0.7512626262626263, 0.7564709595959597, 0.7564709595959597, 0.7763573232323232, 0.7842487373737375, 0.7989267676767677, 0.7989267676767677, 0.8093434343434344, 0.8058712121212122, 0.8076073232323232, 0.819760101010101, 0.8267045454545454, 0.8267045454545454, 0.8301767676767677, 0.829229797979798, 0.8319128787878788, 0.8386994949494949, 0.8240214646464646, 0.8222853535353535, 0.8257575757575757, 0.8413825757575757, 0.8465909090909091, 0.8508522727272727, 0.8491161616161615, 0.8334911616161615, 0.83364898989899, 0.8413825757575757, 0.8413825757575757, 0.8369633838383838, 0.8483270202020202, 0.8379103535353535, 0.8508522727272727], "valid_l": [0.2965159664551417, 0.2696475072039498, 0.24764832937055165, 0.22976219736867481, 0.21458285715844896, 0.2027178704738617, 0.18947331772910225, 0.18146040538946787, 0.17020481079816818, 0.1625235200756126, 0.15460431534383032, 0.15056902004612815, 0.14677801314327452, 0.13767128313581148, 0.1324148571325673, 0.12942492134041256, 0.1264184746477339, 0.12152116497357686, 0.116505340155628, 0.11280260483423869, 0.11159933979312579, 0.10627309439910783, 0.104360681027174, 0.09913922784229119, 0.09661319313777818, 0.09449048919810189, 0.09162381663918495, 0.09440139184395473, 0.09065281165142854, 0.08686684237586127, 0.08611599086887306, 0.08756234621008237, 0.08649454969498846, 0.08445016956991619, 0.08159380075004366, 0.08628934404502313, 0.08505848940047953, 0.08487429987225267, 0.082282530143857, 0.0815381726457013, 0.0825966474496656, 0.08269324640019073, 0.08542903698980808, 0.09116415193097459, 0.08829659709913863, 0.08604382413129012, 0.08960206113341782, 0.08651218718538682, 0.0913694401582082, 0.0915452494389481]}