{"train_a": [0.20089285714285715, 0.25625, 0.28535714285714286, 0.31535714285714284, 0.35696428571428573, 0.3819642857142857, 0.4114285714285714, 0.43910714285714286, 0.4607142857142857, 0.48214285714285715, 0.5248214285714285, 0.5364285714285715, 0.5569642857142857, 0.5669642857142857, 0.5817857142857142, 0.6026785714285714, 0.6139285714285714, 0.6155357142857143, 0.6401785714285714, 0.6558928571428572, 0.6628571428571428, 0.6816071428571429, 0.695, 0.7089285714285715, 0.7201785714285714, 0.7273214285714286, 0.7355357142857143, 0.73875, 0.7632142857142857, 0.7705357142857143, 0.7821428571428571, 0.7966071428571428, 0.7939285714285714, 0.7994642857142857, 0.8194642857142858, 0.8228571428571428, 0.8255357142857143, 0.8364285714285714, 0.8405357142857143, 0.8516071428571429, 0.8548214285714286, 0.8585714285714285, 0.8692857142857143, 0.8783928571428572, 0.8792857142857143, 0.8860714285714286, 0.8883928571428571, 0.9003571428571429, 0.8996428571428572, 0.9030357142857143, 0.91125, 0.91125, 0.9178571428571428, 0.9198214285714286, 0.9257142857142857, 0.9355357142857142, 0.9266071428571429, 0.9233928571428571, 0.9451785714285714, 0.9392857142857143], "train_l": [0.3158721947669983, 0.2999631267786026, 0.28768523544073105, 0.27824236371687483, 0.2685209757515362, 0.2603552478977612, 0.2500856695004872, 0.24159731013434274, 0.23488101754869734, 0.22806636959314347, 0.21848071030208044, 0.21224974270377842, 0.20547691796507153, 0.1986738459978785, 0.19367530971765518, 0.18640671383057322, 0.1810443192933287, 0.17910792501909392, 0.17136018201708794, 0.16684795588254928, 0.1601254648395947, 0.15604575897966114, 0.14983659290841647, 0.14530087715813092, 0.1404970404931477, 0.1369804650012936, 0.1311358649709395, 0.12699914354298797, 0.12148613287934235, 0.11543379931577614, 0.11234218113124371, 0.10751760531749044, 0.10692510476069791, 0.10063722988856691, 0.09570251999156816, 0.09320989661983081, 0.09138422774949244, 0.08761687282472849, 0.08341265528861966, 0.07850057967539345, 0.07698650274425745, 0.07540149376328502, 0.07046216262504458, 0.06743207379377314, 0.0652027470565268, 0.06244988400489092, 0.06091788942792586, 0.057084970958530906, 0.054157794858994225, 0.05379689516499639, 0.05014419005784605, 0.04880737820640206, 0.04634737524337002, 0.04528204584760325, 0.04212283597593861, 0.038773555104354665, 0.03991409568182592, 0.04100309200784458, 0.03374884929774063, 0.036692924662493166], "valid_a": [0.262310606060606, 0.27225378787878785, 0.32765151515151514, 0.3683712121212121, 0.4071969696969697, 0.44223484848484845, 0.47916666666666663, 0.5232007575757576, 0.5179924242424243, 0.540719696969697, 0.5492424242424243, 0.5861742424242424, 0.5899621212121212, 0.6046401515151515, 0.631155303030303, 0.6410984848484849, 0.6595643939393939, 0.6595643939393939, 0.6851325757575757, 0.6922348484848485, 0.693655303030303, 0.6922348484848485, 0.7107007575757576, 0.7135416666666666, 0.7263257575757576, 0.7405303030303031, 0.7320075757575758, 0.7495265151515151, 0.7490530303030304, 0.7476325757575758, 0.7660984848484849, 0.7608901515151515, 0.7727272727272727, 0.7817234848484849, 0.7892992424242423, 0.7859848484848485, 0.7878787878787878, 0.7859848484848485, 0.7987689393939394, 0.8006628787878788, 0.8082386363636364, 0.809185606060606, 0.8006628787878788, 0.8148674242424242, 0.8096590909090909, 0.8125, 0.8191287878787878, 0.8139204545454546, 0.800189393939394, 0.8257575757575758, 0.8229166666666667, 0.8219696969696969, 0.8229166666666667, 0.8252840909090909, 0.8262310606060606, 0.8276515151515151, 0.8214962121212122, 0.8214962121212122, 0.8304924242424242, 0.8276515151515151], "valid_l": [0.3045018660751256, 0.2882936271754178, 0.2755711732262915, 0.2648284780708226, 0.2548103965818882, 0.24381219358606773, 0.23397989774292166, 0.2244836830280044, 0.21689812195571986, 0.20951040563258258, 0.20121394978328186, 0.1921654868532311, 0.18690469285303896, 0.18148872307078404, 0.17328535426746716, 0.1682169632139531, 0.1638054597106847, 0.16021145236763087, 0.15450668572024864, 0.15149908191101116, 0.14669848775321787, 0.14223206364973026, 0.1403744136067954, 0.13594225218350237, 0.13222857717085967, 0.1278348880904642, 0.12665305989371103, 0.12308599740605462, 0.12081489678133618, 0.11943482980132103, 0.11500401828776706, 0.11320445584979924, 0.11178411771966652, 0.11045357424088499, 0.1079016470096328, 0.10426107260652563, 0.10484569570557638, 0.10308922361582518, 0.10092914527790113, 0.1003160412338647, 0.09841295450248501, 0.09857783022082665, 0.09834397207437591, 0.09692260026085106, 0.09720477605746551, 0.0943485080179843, 0.0956894653764638, 0.09602408496324312, 0.09567105541513725, 0.09443388036875562, 0.09325215156952088, 0.09482271579856222, 0.09311500763181936, 0.09677612713792107, 0.09185573613186451, 0.09582435301589695, 0.0985869663682851, 0.09488325119441883, 0.09074231067841704, 0.0928629646924409]}